"nplr_diff","unemp_diff","igae_diff","infla_diff","cetes_diff","mone_diff","epi_diff","nplr","unemp","igae","infla","cetes","mone","epi","residuals_nplr","residuals_unemp","residuals_igae","residuals_infla","residuals_cetes","residuals_mone","residuals_epi"
NA,NA,NA,NA,NA,NA,NA,0.032403082,0.036366426,84.62141805,0.0427,0.0874,323566.2161,13097.12012,NA,NA,NA,NA,NA,NA,NA
0.00902718921390333,-0.0237305180818486,0.00209497307364614,0.0277153998465471,0.0631789016215318,-0.0430572333560075,0.0515121614557703,0.032696915,0.035513591,84.79888347,0.0439,0.0931,309930.025,13789.45996,0.007807033430786,-0.0210593058742257,0.000742662397039329,0.0226508038138264,6.31788547073502e-05,-4.30571987488126e-05,0.0449297458151571
0.00946713497935647,0.0226000735431735,-0.00226273202892813,0.046727076407969,0.0451520263654679,0.00838645136349392,-0.0841230589385376,0.033007931,0.036325339,84.60722324,0.046,0.0974,312540.1677,12676.90039,0.0054040529785816,0.0121808471804982,-0.00356375495404223,0.0332159008834831,-0.014792394698148,8.38645339507434e-06,-0.0910020468343229
0.164799368023338,-0.0183459784467623,0.00452135082742711,0,0.0263439753396022,-0.0289110994835742,-0.0283148282591981,0.038921517,0.035664991,84.99062828,0.046,0.1,303633.6567,12322.99023,0.147646050765363,-0.00792385595260069,0.00422856926796725,-0.00999329875951047,-0.0212872152667843,-2.89110623847728e-05,-0.0338980013770482
-0.0864345851013244,0.030333466476272,0.00437423757484279,-0.0604887614806509,-0.00803217169726445,0.00880587122416721,0.050739699008151,0.035698642,0.036763409,85.36321177,0.0433,0.0992,306319.2226,12964.38965,-0.142602268285831,0.02347302490721,0.00149905512631726,-0.0486224684898584,-0.0493454800304983,8.80587341679014e-06,0.0445093246110363
0.0280430534781111,0.0181655187962848,-0.00769040158188083,0.0318208666110791,-0.0162605208717803,0.00186677813742797,0.0394553998567773,0.03671391,0.037437338,84.70925222,0.0447,0.0976,306891.5867,13486.12988,0.052209288466988,0.030160191808521,-0.00880180492465951,0.0418556530129544,-0.0311133887513793,1.86679344295741e-06,0.0324460199414917
0.0529124504024403,-0.0460278220672059,0.00188353184871559,-0.123672829712447,-0.00205128277055744,0.016714791560414,0.0662370851166703,0.038708846,0.035753234,84.86895515,0.0395,0.0974,312064.3258,14409.66016,0.0575114259762832,-0.0393860273645803,0.00323187573899351,-0.118230081086063,-0.00926510204915243,1.67147797767073e-05,0.0593107667097246
0.00728875449639954,-0.0400466555485575,0.0136406845609454,-0.118099541435256,-0.00514669175176863,-0.00904653944500566,-0.011619898171249,0.038992016,0.034349727,86.03455753,0.0351,0.0969,309253.9548,14243.19043,-0.00734429095336922,-0.0647454537889196,0.0101702421184726,-0.0651085807048394,-0.00819682772811036,-9.04652962651315e-06,-0.0187273725124053
0.0299964241604274,-0.0278420525638055,3.04216150261993e-05,-0.140474446858454,-0.0584340404366164,-0.00567044415959828,0.12378677686848,0.040179356,0.033406551,86.03717488,0.0305,0.0914,307505.31,16120.08008,0.0111751581003689,-0.0443284322920778,-0.00383266625243006,-0.100259559582823,-0.0583817072115831,-5.67044419848509e-06,0.117307576788435
-0.0194357753239118,-0.0241336113170196,0.00355889024682021,-0.046988509435919,-0.0210068531792946,0.00975936365149721,-0.0226077226819488,0.039405979,0.032609981,86.34391725,0.0291,0.0895,310521.0581,15759.73047,-0.0374477651057221,-0.02504725076366,0.00502927245624664,-0.00982688930021676,0.00136600262971331,9.75935537371954e-06,-0.0302791960277438
-0.0070671188090845,-0.0353796813043616,0.00928695646471311,0.134819222808952,-0.0214576273384641,0.0274418593620442,0.0657621212974835,0.039128474,0.031476421,87.14952448,0.0333,0.0876,319160.33,16830.96094,0.00798203026365157,-0.033644602932529,0.00737990239989278,0.118070144768216,-0.0146522700893544,2.74418331501726e-05,0.0594578066784676
-0.00515309195306379,0.0081701028987351,0.00530801011194182,0.16820841931749,-0.0660617506780925,0.139124797746081,0.0561306422779584,0.03892736,0.03173464,87.61334493,0.0394,0.082,366800.6,17802.71094,0.0145447006665888,0.000133559021780255,0.00381977504144581,0.107937136660013,-0.0362355608324814,0.000139124670378731,0.0489519832351954
0.0146263896345458,0.00901739821908665,0.01637536435521,-0.0494248833275233,-0.0500104205746612,-0.00906569356063081,0.0601867465694461,0.039500911,0.032022098,89.05985663,0.0375,0.078,363490.3258,18907.09961,0.0174438544951357,0.0194387071589538,0.0167969480981212,-0.0736630941873363,-0.0154838222257521,-9.0657283524449e-06,0.0530789308350446
0.0517690284613934,0.0951179985845436,-0.00779765139990296,-0.0950435486868937,-0.0299306662461887,-0.0343300317716135,-0.0106760410223909,0.041599692,0.035217539,88.36809946,0.0341,0.0757,351223.4571,18706.32031,0.0289702040419843,0.100566478299195,-0.0101016420331422,-0.0582421723194263,0.00444290940536042,0.00688327763992893,-0.0198685978708636
-0.00510837578752144,-0.0542136268463453,0.000622831055166806,-0.0635614814897445,-0.0254194288369765,-0.0122332151878108,0.0298245480653332,0.041387727,0.0333591,88.423155,0.032,0.0738,346953.0387,19272.63086,-0.0365797324503953,-0.0143666131827321,0.00698049437791676,-0.0233146346621153,0.0129291075212665,-0.0172749150645173,0.0277733970815857
0.0724001219300354,0.0137827718758228,0.0058519179661829,-0.0645385211375715,-0.0136427764037865,0.0291256368720543,0.0688447727989328,0.044495342,0.033822064,88.94211703,0.03,0.0728,357206.8667,20646.18945,0.0689492396933913,-0.0217998414416784,0.00464684958068369,-0.0544693915089552,0.0110090308343955,0.0473909099855357,0.0636854323382295
0.0416410113162793,-0.072679157534667,0.00843372954962796,0.058268908123976,-0.0222231367847101,-0.00431070401787537,-0.100188698831495,0.046387291,0.031451108,89.69540283,0.0318,0.0712,355670.3677,18677.91992,0.0366291082516721,-0.0746664969204724,0.00877002630063718,0.0463619051590542,-0.0126050592865913,-0.0117801211580845,-0.109449465881038
0.0253079981371922,0.108766673754615,-0.00294440046233202,-0.0384662808277962,0.0290677904746759,0.0156229765786122,0.0248128465676025,0.047576242,0.035064909,89.43169207,0.0306,0.0733,361270.63,19147.16992,0.00829810930480903,0.0850694437408328,-0.00326814020267628,-0.0371862515842703,0.0478845211387609,0.00318854921899504,0.0178174416686516
0.0307238911332877,0.044295321184423,0.00136462800833659,0.125739677994479,-0.0206761328384277,0.0202134352397181,0.0483623717244566,0.049060656,0.036653034,89.55381637,0.0347,0.0718,368647.4548,20095.92969,0.00427861330225846,0.0957515255178435,0.00467637941652117,0.0786778040348751,-0.0288352994001819,0.00342831717923205,0.0388426064202338
0.0057951444260782,-0.0132820593042404,0.0028710776044818,0.164390376095942,-0.00139372844860386,-0.0102640438653552,0.0463523706904265,0.049345795,0.036169425,89.81130178,0.0409,0.0717,364882.9935,21049.34961,-0.0131346451001957,-0.000366656480454438,0.00257052480788995,0.0828733496423849,0.0226915635343079,-0.00696167365148646,0.040289314155273
0.0361924394857605,0.0302522026762442,-0.000953663022438711,0.0477417628852153,0.00139372844860386,-0.00781898602923548,0.0413100327637856,0.051164452,0.037280349,89.72569289,0.0429,0.0718,362041.1033,21937.10938,0.0402408128882991,0.000845754041301067,-0.000381536155600457,-0.0390514393675013,-0.0164097179616875,-0.00178027049474898,0.028829912429809
0.0477120754576741,-0.0135837225673758,0.00269343738218097,-0.0477417628852153,0.00416956823672487,0.00443522495070958,0.0493537107746143,0.053664788,0.036777367,89.96768918,0.0409,0.0721,363650.4032,23046.94922,0.0483697870297934,-0.015757902615292,0.00372432147200408,-0.0536130695854459,0.020455426293559,-0.00456108152112948,0.0439079879135133
0.0281274749196117,0.0167334217263941,-0.00376126828040491,-0.00982808893626252,-0.00695897032430315,0.0339232631350566,0.079821654088823,0.055195672,0.037397956,89.62993216,0.0405,0.0716,376198.24,24962.00977,0.00738128699074023,0.00596256661940855,-0.0043754316268297,0.0639509655285607,-0.00966033410538143,0.0052204891661093,0.0700489140560758
-0.0089774172795134,0.0134260336830185,0.00637253520264469,-0.0174350618221015,0,0.131064305649874,0.0578375920488892,0.054702375,0.037903448,90.20292583,0.0398,0.0716,428881.4516,26448.32031,-0.0355176253536983,0.0211199159956194,0.00785614188699406,0.0353301376706984,0.000795346551450551,-0.00393171685132566,0.0482565462387712
0.0186616257123937,-0.0160720017917941,-0.00143472312733461,0.032141209211797,0.00418119076040124,-0.017589308592072,0.0412268649497083,0.055732795,0.037299133,90.0736024,0.0411,0.0719,421403.6806,27561.49023,0.0152683297201566,-0.00770369386807497,-0.00409010813661832,-0.00251219701698592,0.00287826797645476,-0.00796881506729155,0.0316699191519337
0.0304928899581061,0.0229846527573372,0.00290014376612824,0.0240396191861469,0,-0.0367298922887933,-0.0340451156891319,0.057458425,0.038166369,90.33520796,0.0421,0.0719,406206.375,26638.94922,0.0397207597294293,0.0241603193473163,0.00443007250938893,-0.020638649146747,0.00415401703201645,0.00301119478207483,-0.0400841209486679
-0.00483722176591117,-0.00426573862537127,0.00495404261114363,-0.0536714167925183,0.00277777956390191,-0.0130030826239835,0.0761829958566693,0.057181157,0.038003908,90.78384279,0.0399,0.0721,400958.6323,28747.68945,-0.00654963318883135,0.0023640212576087,0.0031661669808213,-0.069856598208315,0.00612901397218363,-0.00854624032626352,0.0689506399763698
0.0287238093396169,-0.0300212789847647,0.00276578423654872,-0.0100756519887413,-0.0083565945909414,0.01392009790926,0.00862501063509846,0.058847434,0.036879938,91.03527886,0.0395,0.0715,406579.0433,28996.71094,-0.00943182090012333,-0.0343316166922307,0.00208732720652913,-0.0239697304200481,-0.0078424040264995,0.0121164244640812,-0.00153755117132735
0.0171485741965025,-0.0625200753351094,0.00186923632612146,0.00756624038331566,0.0357180826020795,-0.0149412296112885,0.0795923935915432,0.059865286,0.0346448,91.20560445,0.0398,0.0741,400549.4097,31398.96094,0.0156533886848564,-0.0853764506668453,0.0017255121188344,0.0317777396663442,0.0399347067107328,-0.0139624503649061,0.0781153478456894
0.0240924162263152,0.0211888815122538,0.00657026479943301,0.0394139685408765,-0.00405680069561454,0.00661798340330044,-0.00792682371406528,0.0613251,0.035386717,91.80682234,0.0414,0.0738,403209.03,31151.05078,0.0122027461812567,0.00664500112908123,0.00647684425209865,0.0159085393114085,-0.0147820463322326,-0.00282299914392567,-0.0161038954648962
0.0256986492244606,-0.0146903056219436,0.000481321351865738,-0.0269294118786312,-0.00543479598595686,0.0127487832531603,-0.0159001883363068,0.062921497,0.034870675,91.85102156,0.0403,0.0734,408382.3613,30659.66016,0.0201806965288166,0.0158336006649297,-0.000722694879840305,0.00726427358398388,-0.00205367773367792,-0.00183254429675311,-0.0242537927854597
0.0188855973084365,0.0253438703750231,-0.000639206069269704,-0.0614003568642567,0.00543479598595686,-0.00091977794989262,-0.0102218053521792,0.064121099,0.035765727,91.79232859,0.0379,0.0738,408006.9129,30347.85938,0.0133923270539593,0.0282838115446778,0.000673450908740425,-0.00161523589255332,-0.00274185415448844,0.00890749790677031,-0.0183893122373702
0.027082734046513,-0.0205376085230444,0.00644665354152174,-0.0132804076678945,-0.00271370587159625,-0.00343764009817171,-0.00170404000062341,0.065881403,0.035038676,92.38599345,0.0374,0.0736,406606.74,30296.18945,0.00532778415559506,-0.00988148631934559,0.00655239589239668,-0.0205828985991691,-0.00218899241087285,0.0048577921732766,-0.00969108564201313
0.0134516962987448,0.0357682930240908,-0.00142536567839446,0.0495538144547294,0.00946592598888296,-0.00211015371364986,0.0376526744068411,0.066773607,0.036314633,92.25440343,0.0393,0.0743,405749.6419,31458.66992,-0.000291626606005857,0.0220476920421753,-0.00289535808453887,0.0175583129817019,0.0153028730084689,-0.00930453253803431,0.029197647024349
0.0248840212260233,-0.0216500802022406,-0.00457524517043328,-0.0442204684793666,0.0226223885626173,0.0281158474790697,-0.0551559919509366,0.068456049,0.035536868,91.83328102,0.0376,0.076,417319.5233,29770.51953,0.0235427411595374,-0.00818142414941597,-0.0029567169803127,-0.0214929601345891,0.0128726297372713,-0.00292162897115532,-0.065441890668101
0.00595905169425626,-0.00820128162412281,0.00244611074626544,-0.0160861377516244,0,0.13005550283693,-0.00788066440241408,0.0688652,0.035246612,92.05819036,0.037,0.076,475281.6968,29536.83008,0.00758782815193931,-0.0161253289715972,0.00273538091544681,0.021913841472715,-0.0094791665019475,-0.00186834832348469,-0.0161826102839135
-0.00688600266300954,0.0796036121902395,0.00362689655180226,0.00539084863487638,-0.00263504763800482,-0.0134731639919696,-0.0254834106330719,0.068392623,0.038167067,92.39268211,0.0372,0.0758,468921.0935,28793.64063,-0.0115664385352816,0.0733509325253654,0.00175660243171273,0.00332045647971977,-0.00560984611228127,7.03924606048245e-05,-0.0334845523498875
0.0268791659468928,-0.0364685205927247,-0.000383528798410637,0.13319531465127,-0.00927773387823683,-0.0433031189455253,0.00432765277037284,0.070255889,0.036800245,92.35725365,0.0425,0.0751,449048.7207,28918.51953,0.0161118433217879,0.00269373443922539,-0.0014443961357847,0.118515371268381,-0.0154548794605029,-0.00350507801678933,5.30145756096421e-05
-0.0491520939852581,0.021476063316122,-0.0051045737936839,0.0682082500265335,-0.00534046663131749,0.00845866635964931,0.0666942872835268,0.066886158,0.037599117,91.88701045,0.0455,0.0747,452863.1839,30912.99023,-0.0600017873655314,0.00143614716207619,-0.00528225105512682,-0.0133376884822013,0.00204229253706461,0.0142995937859884,0.0568749362969517
0.0880442211605437,-0.0386844730826335,0.0114494971984156,0.08426034361774,0.00932718287513845,-0.0311973169260362,-0.020642493196446,0.07304212,0.036172389,92.94511635,0.0495,0.0754,438953.1733,30281.41016,0.0695860126110365,-0.041986258116256,0.0115208971161084,0.0609106420247943,0.00993441234265448,-0.0333669994963574,-0.027841534497137
0.100792587065399,-0.0116750011880504,-0.00359187329150412,0.0607434501690194,0.00660940938767407,0.01184064541639,0.0544350700736587,0.080788033,0.035752532,92.61186812,0.0526,0.0759,444181.5548,31975.4707,0.0985231684171863,-0.0376119239657083,-0.00834403003975123,0.056599522913167,0.0103749409488784,0.0157386753625319,0.0447251049305514
0.0192745672993588,0.0102868751768939,0.00821755821586478,0.0244143581712875,0.0260092684751183,0.00709234890210553,-0.0841277991910108,0.082360291,0.036122212,93.37604708,0.0539,0.0779,447343.0433,29395.49023,-0.0348635255287484,0.0095356684258116,0.0105494669654979,0.0223730552310998,0.0209225239206613,0.00474175814116388,-0.0904199668585474
0.044806380423299,0.0620842899257426,0.000433560573904757,0.0328496690182867,0.05251206358168,0.0178934214762183,-0.0666181912377386,0.08613448,0.038435913,93.41654003,0.0557,0.0821,455419.5839,27501.01953,0.00547595950038742,0.0752765772006266,-0.00367071735491304,0.0330864005440353,0.0346952327048351,-0.00100935656354886,-0.0711858872207886
0.0768149367770716,-0.0176237022806842,-0.0113985401243539,-0.0181164375053027,0.0169086153984273,0.0086606412278627,-0.0449967741186938,0.093011648,0.037764464,92.35777351,0.0547,0.0835,459380.9387,26290.99023,0.0643679144350347,0.0142462791573791,-0.00997029183963074,-0.0276567636057642,-0.0107075382212261,0.0171446367095085,-0.0500121805776322
0.0165794146374916,0.0208925312930188,-0.00264145768250756,0.0551250662503961,-0.00359928402964682,-0.00117048077903448,-0.0548043670678684,0.094566581,0.038561759,92.11413628,0.0578,0.0832,458843.5567,24888.90039,-0.00218431266635949,0.00438637253332091,-0.00127711129384532,0.0505850328177455,-0.0202827843050639,0.00126698033450163,-0.0604364453842932
0.051567432946539,0.0424898224197632,0.00197779134667986,0.0749726501150758,-0.0231013312733981,0.0129755465648635,-0.196667916011821,0.099571062,0.040235549,92.2964991,0.0623,0.0813,464836.0968,20445.32031,0.0479263123717505,0.0442024243166915,-0.00088110931803708,0.0659950954357265,-0.0367781521691651,0.00551908499049698,-0.20405792883987
0.0408529500230985,0.120163198557194,-0.0133465865234319,0.0470306104889779,-0.0211319237034275,0.0448529243754212,0.00436312554218254,0.103723067,0.045372859,91.07283989,0.0653,0.0796,486160,20534.7207,0.0106710877740534,0.135456876800217,-0.016015398672011,0.0171571210235745,-0.010320971061044,0.0130156487643453,0.00280073666265906
-0.0955884690689439,-0.000335455004496055,-0.0114505931136195,-0.0390369628082325,0.0297051544139157,0.131222185781219,0.0860648689665098,0.09426746,0.045357641,90.03594969,0.0628,0.082,554329.8871,22380.32031,-0.120240682061825,0.0442280212462036,-0.0106173894130415,-0.0347907859392632,0.0374294379353293,-0.00733211777373536,0.0802086297307434
0.0381068183167996,0.0296571049914078,-0.0363680256276311,-0.0128206884290614,-0.0681221705177073,0.000912194008035883,-0.134432571641835,0.097929015,0.046722963,86.82034694,0.062,0.0766,554835.7742,19565.14063,0.0692657451363857,0.0199292967784471,-0.0398400227954434,0.00413934407270988,-0.0799679561241984,0.0105060639922695,-0.140253415502101
0.0475255558800329,0.0679373372785714,-0.00305893050330841,-0.026145280104322,-0.0454016557792798,-0.0289382692315225,-0.0972411356531531,0.102695514,0.050007505,86.55517531,0.0604,0.0732,539009.8786,17752.17969,0.0535920337316895,0.0606513014459728,-0.00130654930064254,0.0449976152343549,-0.00901665779174442,0.00655993552012875,-0.102268974008584
0.0150239241224339,-0.00894141948945837,-0.000888278110203089,0.0212948259705725,-0.0137553750684853,-0.00808949762938305,0.100385123848598,0.104250052,0.04956236,86.47832438,0.0617,0.0722,534667.1484,19626.75,7.30733857923422e-05,0.0135528597802111,-0.0145055161086355,0.0212254730429748,-0.00878105372171478,-0.00621024540405719,0.0920506667729193
0.118903792372751,0.0475160362997955,-0.0130699259686686,-0.0312782699547558,-0.186763540777377,0.00734669628293361,0.109540674551594,0.117412826,0.051974214,85.35541325,0.0598,0.0599,538609.65,21898.84961,0.0488818784980216,0.0320319890825409,-0.0203294520754937,-0.00321667937210185,-0.150245371308968,-0.00160344034732917,0.103382792714961
0.075598961604844,0.0740358362547258,-0.00316265670137206,-0.0409613576310655,-0.133769913794407,-0.00996047608119888,0.105346370339857,0.12663325,0.055968193,85.08588981,0.0574,0.0524,533271.471,24331.71094,0.0311357092762876,0.0817519061774282,-0.00963628413688968,0.00546486994372553,-0.0285562181608491,-0.00871686348938288,0.0955066008187633
-0.0118060830825972,-0.0570186162628312,0.0149781881219777,-0.0536801494636236,-0.0409015142213027,-0.00310825001757387,0.0015059489859226,0.125146998,0.052866239,86.36991445,0.0544,0.0503,531616.5033,24368.38086,-0.0399026951048837,-0.0296030240175833,0.00462203421065157,-0.0313368455115301,0.024595454581147,-0.0143362244067029,-0.00170669187266116
-0.0242129292920032,0.0325802952533429,0.0171296638723568,-0.0684677992774607,-0.0699874016534601,0.00878993901568847,0.104160255123444,0.122153213,0.054617002,87.86214628,0.0508,0.0469,536309.9774,27043.5,-0.00822548538764627,0.00439158669750072,0.00498677415398135,-0.034747432001867,0.0266043418206443,-0.00583464631737074,0.101095300466046
-0.13851186215198,0.0442603768692034,-0.00327337630706914,-0.0381189581036101,-0.0215525583857339,-0.0062510341274109,0.039388136641719,0.106353052,0.057088666,87.57501062,0.0489,0.0459,532967.9419,28129.94922,-0.112926513068548,0.0525629490721022,-0.0114692118376052,-0.038217715779869,0.047272735329135,-0.00269795170239439,0.034280404008466
-0.0784188392117384,0.0479434815607909,0.00495813943971068,-0.0831149067105064,0.00217627942259524,-0.0130922769846666,0.0384374003406496,0.098331596,0.059892368,88.01029795,0.045,0.046,526035.6567,29232.24023,-0.0456566374053178,0.0711071769624726,0.00314700922072827,-0.0458408947579489,0.0197879204786601,-0.00557395520418051,0.0344528184514142
-0.0184755121624263,-0.0865416869763376,0.00672498845577696,-0.153410213299535,0.00865806274311476,-0.000629375135938304,-0.0202573774630341,0.096531549,0.05492713,88.60416081,0.0386,0.0464,525704.6871,28646.0293,0.00667063699127551,-0.0656918944796393,0.000161685806399499,-0.0900584227506817,0.0388140761333642,-0.00215321139852353,-0.0175315546162
-0.0384843244667707,-0.0378927961420317,0.00912925576997825,-0.0781015876851918,-0.0064865092296067,0.0216505293183467,0.077587837895992,0.092887173,0.052884728,89.4167544,0.0357,0.0461,537210.5767,30957.10938,-0.0326481570002771,-0.0721630954670246,0.00529648869342975,-0.0282829194987786,0.0026440889054241,-0.0125454121898986,0.0713326268807716
-0.0528779910339865,0.000573573889655954,0.00435118617166808,0.222583170240425,-0.00217155351350806,0.113628366566635,0.0368908653085533,0.088103087,0.05291507,89.80667103,0.0446,0.046,601856.1839,32120.4707,-0.0381010230593763,-0.0121387925361598,0.000220816134408537,0.212720822685345,0.0189660828255415,-0.0125053825035277,0.0258882063278958
-0.0338837212331526,0.0225258458632585,-0.000234386893869676,0.0796977016325084,0.00433840159859811,0.00909892206644258,-0.0553269803137812,0.085167836,0.054120553,89.78562399,0.0483,0.0462,607357.4161,30391.60938,-0.0168644565509817,0.0413636755769238,-0.00159373422066418,0.0114511787626972,0.00172711768634451,0.0243248297990881,-0.0554606064939624
-0.0847257690640135,-0.0570295258068119,0.00450481908919542,0.0285733724440562,0.00431966114451665,-0.0338131584991181,0.040082968843798,0.078249159,0.051120444,90.19100438,0.0497,0.0464,587164.0679,31634.53906,-0.0787522800408192,-0.0290751268062212,0.00358398128975232,0.0532138001755687,0.0145146338846614,0.00485724884118206,0.0390113819814763
-0.0696083947437267,0.00719132981415793,0.0070752782915795,-0.151806012868005,0,-0.010991021306193,0.0502992391547163,0.072987609,0.051489393,90.83139363,0.0427,0.0464,580745.871,33266.42969,-0.0246447263670869,-0.0171899339021751,0.00468624197386345,-0.146583952498637,0.00500035128356735,-0.00880885478086323,0.0389475322624651
-0.0148596371732874,0.0581955512522234,0.00887658170951333,-0.0855221734381617,-0.0021574981400212,-0.00512389044702211,-0.0175615264752214,0.071911058,0.054574753,91.641255,0.0392,0.0463,577777.8033,32687.32031,-0.0201668946328538,0.0636093656643581,0.00714447940226174,-0.0392240608238104,-0.0213954883530589,0.00178352977850212,-0.0293547640331385
-0.0117428352647813,-0.0383870948646008,-0.000748129751443116,-0.0604651957499356,0.0021574981400212,-0.00391073376904671,-0.0200480254524926,0.071071557,0.052519487,91.57272109,0.0369,0.0464,575522.6806,32038.5293,-0.00390691091938714,0.00121271717456667,-0.00213976869069912,-0.0458330326328306,0.00324521972245365,0.00120719889249988,-0.0309583817181456
-0.0270667855806264,-0.0221081348293217,-0.000691553787771859,-0.0136427764037865,0.00430108189939071,0.00473803955527963,-0.0279012204591655,0.069173679,0.05137112,91.50941552,0.0364,0.0466,578256,31156.9707,-0.0357195753334951,-0.0451349457611571,0.00103919161110334,-0.0178342162971742,0.0122697412885353,0.00338788773109578,-0.0338803708551183
-0.0591124489703874,0.0300751164078221,0.00259107667532721,0.0109290705321903,-0.00430108189939071,0.0145211085510866,0.0362997902903661,0.065203163,0.05293958,91.74683088,0.0368,0.0464,586714.1806,32308.74023,-0.0672977020753531,0.0149621178825052,0.00238636179720827,-0.0105751964537896,0.00248582056210856,0.00282944528786915,0.0254979600096804
-0.062071164915912,-0.0540662306236093,0.00321071915591453,0.00542006746933943,0,0.00285807375782454,-0.0196569692044619,0.061278976,0.050153336,92.04187759,0.037,0.0464,588393.4516,31679.84961,-0.0439448834534099,-0.0306654229247076,0.00254744292132466,-0.0210090860706255,0.0120350133704914,0.00113316464546827,-0.0279921485027178
-0.0420813407500895,0.0527132839214501,0.00473867553418117,0.0829490829807509,-0.0064865092296067,0.0012618423391757,0.0507872687114244,0.058753779,0.052868004,92.47906922,0.0402,0.0461,589136.38,33330.33984,-0.0123948187508868,0.0411524133976148,0.00421986022718019,0.0543350978833806,-0.00234132410453866,0.00648633983075392,0.0430272903915387
-0.0153042701790302,0.00851338505636967,-0.000866222552866169,0.0719734996250891,-0.0488986299214771,-0.00920902522585898,0.0649844189068212,0.057861441,0.053320011,92.39899645,0.0432,0.0439,583735.9129,35568.21875,-0.00133642730752619,0.025347750451391,-0.00158128296433683,-0.00767864180735795,-0.0350766244728301,-0.0131961431392611,0.0592921517576574
-0.0243075744724264,-0.00433654513115211,0.000954535718495464,0.0183491386681967,-0.0324102441507548,0.021276375298438,0.0345158876526419,0.056471926,0.053089287,92.4872367,0.044,0.0425,596288.7633,36817.32031,-0.0380715920641299,-0.00760808077734248,0.00195643322087953,-0.0130852537077473,-0.00642581445038029,-0.00883118454651053,0.0240285960621844
-0.056504058067214,0.037351476876553,0.00903680986375122,-0.151880531292719,0.0638029565586171,0.120737042527569,0.0460081732355988,0.053369508,0.055109749,93.32681411,0.0378,0.0453,672809.4097,38550.78906,-0.0463545965767221,0.0272396734345892,0.00833617496588447,-0.0236589983784298,0.085177404206336,-0.000667223191448173,0.0377963254759795
-0.0619976923505314,-0.0909966786127301,0.000919676735560593,-0.0571584138399484,-0.0200675630508091,-0.0141363242879091,-0.0415388173838167,0.050161203,0.050316344,93.41268409,0.0357,0.0444,663365.2677,36982.23828,-0.0472434827288094,-0.0744165819656513,-0.001016909978653,-0.00388123232784151,-0.0336901264643262,-0.0133997897802151,-0.0455262590374391
-0.0426017377615167,0.0447306303787487,0.00216819293709936,-0.160708080373417,-0.0343676435042077,-0.0291703104790386,0.00101243141640239,0.048069128,0.052618122,93.61544054,0.0304,0.0429,644294.2036,37019.69922,-0.0159670391178744,0.000227395817739797,0.00372103438960361,-0.124954887074704,-0.0100490634238349,0.0098275905990835,-0.00665084827682499
-0.0153783103231566,-0.0291414981456004,0.0056886050227174,0.100083458556982,0.0069686693160933,-0.0156118479467633,0.0113031369360943,0.047335561,0.051106878,94.14949939,0.0336,0.0432,634313.6903,37440.51172,0.0211429178037206,-0.0079620928913565,0.00520375804171992,0.0582943664043787,-0.00124410327941104,-0.00995590167402789,0.00277560342376323
0.0245941920767039,0.0172089326029825,-0.00901136029053795,-0.0332859776334669,0.0160738248310612,0.0132257283768311,-0.0128461580548063,0.048514175,0.051993984,93.30489556,0.0325,0.0439,642758.6733,36962.62109,-0.02845955019991,0.0207259207158895,-0.00947881454741753,-0.101759274556606,0.0261701360469721,0.0265646348102567,-0.018264410731664
0.0756278197765878,0.0316332612302572,0.0143952266067044,0.0091884260544064,0.0135748690910686,-0.00889238291048855,-0.0310437914352288,0.052325501,0.053665014,94.65775467,0.0328,0.0445,637068.3548,35832.78906,0.0378022362909794,0.0392310865447456,0.017614918996802,0.00478798105586289,0.01830606021329,-0.00955491733565777,-0.0361345779426513
0.0522937158924544,0.0347134681134658,0.00450975562535749,0.0791041810912718,-0.0135748690910686,-0.000612594095217744,0.0200385939768211,0.055134605,0.055560624,95.08560203,0.0355,0.0439,636678.21,36558.07031,0.0244747618454671,0.0425432770112869,-0.000901212209104913,0.0583335035876758,-0.0228251203684294,-0.00847489935499722,0.0155002566009665
-0.0173598770291128,-0.0651910904988617,0.00399629170347993,-0.0373070524128103,-0.0277153998465471,0.00703082777878983,-0.0154013632276246,0.054185735,0.052054105,95.46635212,0.0342,0.0427,641170.3581,35999.33984,-0.0349608821381051,-0.0541012674332405,0.00653602494608362,-0.0646431885255258,-0.0229214014733937,-0.00515156260286675,-0.0234901262338794
-0.032765967505437,0.0159361664364033,0.00664882845929693,-0.0854177511543521,-0.0117786991926128,-0.000290030975415689,-0.00775900623159842,0.052439059,0.052890293,96.10320634,0.0314,0.0422,640984.4258,35721.10156,-0.0131732300423986,-0.0240859511715068,0.00629346764788112,-0.0806068568426277,0.00174984245990863,-0.00324335051275789,-0.0128171396595356
-0.00373020378466515,-0.0401675572359115,0.000689717426023861,0.0189280098855193,0.014117881545785,-0.00392391860592234,-0.0640982124829481,0.052243815,0.050807921,96.16951326,0.032,0.0428,638474.1833,33503.28125,0.00766446995443833,-0.0291293995500007,0.00112012389600466,0.0725081886624041,0.0260885462997084,0.00250971867708372,-0.0725891896494422
-0.00512625798152033,-0.0415279070451811,0.00164768448252151,0.0838814839807016,0.0208099995137938,0.00973553316207187,0.0763098296132316,0.051976685,0.048741185,96.32810089,0.0348,0.0437,644720.4258,36159.98828,-0.0178158359687178,-0.047330697527603,0.00363683039834287,0.0672723246283691,0.0170313160366074,0.00952711862449441,0.0677459577820909
-0.0368196946948167,0.0366923607923968,0.00669055225598303,0.0932181288321012,0,0.0313340095091394,0.0183363974123427,0.050097723,0.05056283,96.97474989,0.0382,0.0437,665241.9333,36829.14844,-0.0449673134304286,0.0238288002286621,0.00731652538986271,0.0634810424969808,-0.00858286667783076,0.001065870660819,0.00981186160332321
-0.0296395237388665,-0.00667723063743386,-0.0018144237609814,0.0584664584999639,0.0158913673366343,0.104881944039958,0.00672123454716278,0.04863464,0.050226335,96.79895613,0.0405,0.0444,738804.0484,37077.51953,0.00687564543216589,0.0205073935625693,-0.0019904855464172,0.0224490204201728,0.0256122938146815,-0.0183098006822591,-0.00177977828786014
-0.0329055748700351,-0.081057781749112,0.00629084142434966,-0.0454623740767572,0.00449438958783954,0.000142482571037661,0.00926608608410007,0.047060333,0.046315733,97.40982243,0.0387,0.0446,738909.3226,37422.67969,-0.0206876998785053,-0.0886178843046201,0.00889870600545003,-0.0589767250827876,-0.0139194192746683,0.0029586579973137,0.00502507685887119
-0.0207013957263813,0.132521341833288,0.00227612017209911,-0.0368462733859665,-0.0158195389448927,-0.024466531466949,0.0104736474020903,0.046096133,0.052878829,97.63179141,0.0373,0.0439,721050.1414,37816.69141,-0.0112209446467753,0.0936916564797393,0.00106250391742657,-0.0959202283149921,-0.0158842755840271,0.00657339640875238,0.00415435599091918
0.00590174539043131,-0.0520985481583347,0.00261553714970297,-0.0896959423602985,0.00907035696996417,-0.00874745586669157,0.0440876285301766,0.046368985,0.050194452,97.88748523,0.0341,0.0443,714770.2935,39521.23828,0.0194831383589067,0.00871667533433755,0.00443606651313288,-0.0481820428899703,0.0106866303478739,0.00571244309198116,0.0372899793967761
0.0331303324485641,-0.0222575677460313,0.00304644561130285,0.121360857004267,-0.0182237389564515,0.0237459911727687,-0.00152536299278694,0.047930936,0.049089587,98.18614883,0.0385,0.0435,731946.3467,39461,-0.0154463447794144,-0.0415412750574653,0.00336363774341069,0.0846039104537079,-0.0194380728135684,0.0122797494222798,-0.00751363424693431
0.0106195857972997,-0.0276110109667171,-0.00243788191310923,0.11980119981262,0.0091533819864873,0.00399458063407465,-0.041075726034979,0.048442655,0.047752715,97.94707413,0.0434,0.0439,734876.0129,37872.94922,-0.00813984218316629,-0.0444754337786949,-0.0016914857309517,0.0784051773317455,0.0277818214534124,0.0126741160299203,-0.0457580253795899
0.0157915565986571,0.0092363713551924,0.00674564359438623,0.0182653479772936,0.0158195389448927,0.00835171238244747,0.0596187045786873,0.049213712,0.04819582,98.61002368,0.0442,0.0446,741039.1867,40199.55078,0.0265106635657347,0.00525318236635111,0.00847106049929114,0.0310199742797227,0.000573299061402607,0.00517987087379417,0.0529097344520785
-0.0162812656719731,-0.0153354880024761,0.0054560845132503,0.0333735088165064,-0.0112740765732182,0.00856355283126042,0.0124774563984431,0.048418938,0.047462352,99.14951873,0.0457,0.0441,747412.3645,40704.28125,-0.0166088878709572,-0.0077174042810176,0.00383032316690865,-0.0046666060033007,-0.0144462561815694,-0.00464404278337591,0.00645840671072655
-0.0149286144809584,0.0404695453295649,-0.00520460651227417,0.0428330999941364,-0.0206192872027358,-0.00792705968702556,-0.0320181591322637,0.047701479,0.049422528,98.63482505,0.0477,0.0432,741511.0032,39421.64844,-0.00144956683835769,0.0369197537854763,-0.00441820877296682,-0.0168079996099521,-0.0198444109638007,-0.00854088063260992,-0.0379426556605378
0.0125334406036561,-0.0718491118571838,0.00379718623433245,-0.0362900014052006,-0.0116415750154859,-0.0162941014110878,0.0343482934261417,0.048303105,0.045996129,99.01007184,0.046,0.0427,729526.65,40799.23828,0.0143146292661729,-0.057820007836718,0.00630360090477221,-0.00185057588665674,-0.00225579925708889,-0.0112305035877106,0.0315364846595589
0.0150405442888251,0.0658191754363875,0.000814287623133403,-0.0957450569583842,0.0185620178600598,-0.00252354092135754,0.0199164708459438,0.049035101,0.04912541,99.09072735,0.0418,0.0435,727687.9806,41619.96094,0.00335487040998574,0.0266200960545292,-0.000813987091076245,-0.040809558508084,0.0324723798081092,-0.000755418751425877,0.00977593397773648
-0.00217640111747341,0.0451834457913627,0.00946286167102439,-0.157745650745117,0.02497292093138,0.024627161846583,0.00511803833622082,0.048928497,0.051395975,100.0328598,0.0357,0.0446,745831.3633,41833.51953,-0.0034616747055235,0.0762572052384502,0.0104360206319129,-0.0943087351703029,0.0199534821556833,0.00452493105150652,-0.00207103763249565
-0.0141032989060217,-0.048232317927706,-0.00471855644261066,-0.0939105994499019,-0.0576861183376827,0.0903808276287172,0.0437835392180457,0.048243287,0.048975861,99.56196096,0.0325,0.0421,816380.3387,43705.82813,0.0126965661654215,-0.0234890933188691,-0.00696182640506053,-0.0400310299275716,-0.0629750435734403,-0.0187114623314837,0.0372643623682341
-0.00132225971655142,0.0532963308424756,0.00179897126926942,0.0882926071456782,0.0211523750052263,-0.0132154874738948,0.0353410972849915,0.048179539,0.051656905,99.74123127,0.0355,0.043,805662.4516,45278.05859,-0.000358196856630184,0.0124398875126623,0.0051804910884906,0.0685516679197478,0.0414754370102849,-0.0101179158387146,0.0283085150603348
0.0182972605289584,-0.0717946694040088,-0.00214867397469476,0.179971379449001,-0.02591428876547,-0.0340788726080383,-0.0258869633600884,0.049069207,0.048078217,99.52714996,0.0425,0.0419,778668.95,44120.98828,0.0166096739246389,-0.0449745863363281,-0.00386881397719983,0.0898990090811833,-0.0485490330858815,0.000581572782128758,-0.0328907843948878
0.0229497378106704,0.0341462223022759,0.000818422998032808,0.0899482366629396,-0.0464063728141557,0.00708272577423763,-0.00099545125156375,0.050208354,0.049748257,99.60863861,0.0465,0.04,784203.6258,44077.08984,0.0259873607407245,0.0055819320814103,0.00196345703731538,0.0157335897311998,-0.0049071395655402,0.0212679741634052,-0.00897374784902073
0.0274608194185317,0.00929737442067857,-0.0056994894329998,-0.00431035150112224,-0.0278852034895358,-0.0180626330998361,-0.0420167754098753,0.051606222,0.050212942,99.04253501,0.0463,0.0389,770166.0033,42263.48047,-0.0130292580520826,0.0218094368265404,-0.00714713682083376,0.0336511252492231,-0.0240440288788593,-0.0254136734401449,-0.0480726685616918
0.0181936379280443,-0.0107279347055607,0.00771685564227287,-0.124011898043432,-0.0420009239746308,-0.004825041627468,-0.0161040012242637,0.05255372,0.04967714,99.80978854,0.0409,0.0373,766458.871,41588.32031,-0.00469427480968559,-0.00572032121731749,0.00856121949715665,-0.0707759520495242,-0.011130124676222,-0.00450313052386113,-0.0199008353715745
-0.0506622597350237,0.0137093098406491,-0.00199027715866418,-0.164390376095942,0.0264565695368306,0.00163104073794962,-0.0234775532461207,0.049957549,0.050362869,99.61133695,0.0347,0.0383,767710.0167,40623.30078,-0.0496284213899777,0.00672162586805553,-0.00626338466689306,-0.109641395394917,0.0628273092055225,0.000842944294185617,-0.0323124618744789
-0.00845870551485373,-0.0352450006705851,0.000252137198423874,-0.00288600488913504,0.0155443544378002,0.00636719060838331,0.00526824254464842,0.049536755,0.048618746,99.63645584,0.0346,0.0389,772613.7677,40837.87891,0.0202766609510288,-0.0332746443506725,0.00138067844519309,0.0331067776045022,0.00565164123316006,-0.00376266221247055,-0.00121679005891866
0.00606495286030118,-0.00829312395131954,0.00650587525803825,-0.0204386676772739,0,-0.00481805432761995,-0.0335025390742256,0.049838106,0.048217212,100.2867914,0.0339,0.0389,768900.2258,39492.37109,0.0308153454529021,-0.0196329906207621,0.00428628500743493,-0.0415487536949077,0.00704651226201802,3.15783462750683e-06,-0.0381948875068248
0.0196842346165038,0.0319681135153962,0.0019923851963819,-0.00888894741724622,-0.0554964054495155,-0.0020463355717304,0.0173920105811156,0.05082885,0.049783528,100.4868005,0.0336,0.0368,767328.4067,40185.23047,0.0137501718982639,0.0244081835344413,-0.000350632439600568,-0.000561202800557778,-0.0661840534153551,0.00537386930583229,0.00993027694944321
0.018981176112201,-0.0168491697303517,0.00175638107448517,0.0745330518625669,-0.0587581582220715,0.00293116314071895,0.0210147406988597,0.051802856,0.048951744,100.6634487,0.0362,0.0347,769580.871,41038.64844,-0.00542415683121382,0.00563117571682028,0.00138855254889688,0.0494731244597787,-0.0236650757723814,0.00514082879874977,0.0137564026490459
-0.024501546302949,-0.0697858045516302,-0.00232945930398287,0.0922920688614193,0.00287769982761477,0.0345818443289847,0.0349693119133452,0.050549029,0.045652081,100.4292302,0.0397,0.0348,796659.92,42499.12891,-0.0272411742486698,-0.0686510099348993,-0.00340707164848458,0.0123149656659896,0.0381309741925069,0.00743459253602583,0.028367301774793
-0.0709061348094902,0.0368947054383035,0.00704123940793444,0.120856951727795,-0.0203200024909571,0.0985100755008332,0.00534956207112103,0.047088914,0.047367858,101.1388719,0.0448,0.0341,879134.5548,42727.08984,-0.0283413605323613,0.000905223157598091,0.0071339461744584,0.0753467560971685,-0.0108400143113769,-0.00769953715505146,-0.00322696940673582
0.0278823096513561,0.0314779962038152,-0.00626810615704176,-0.057421053368707,0,-0.000421599422244512,-0.0441983111392812,0.048420337,0.048882619,100.5069054,0.0423,0.0341,878763.9903,40879.75,0.0710156311743862,0.0554335890509576,-0.00937828961740144,-0.0457516243368284,0.0361795657588129,0.0104499267307412,-0.0520605374537316
0.0288038575082101,-0.0235139705895557,0.0109177322895766,-0.117783035656383,-0.00588236990306656,-0.0233087541506531,-0.0526556441848065,0.04983531,0.047746603,101.6102248,0.0376,0.0339,858517.9679,38782.89063,0.0237085628297535,-0.00653521517678706,0.0129912089647257,-0.0365046299813749,-0.0183973410602791,0.00516048745070088,-0.0571310732440841
0.0342713114460382,0.109725153904907,0.00136713700810009,-0.0716559889064352,-0.0299423566150785,-0.000276553941176871,0.0423742285105781,0.051572835,0.053283839,101.7492349,0.035,0.0329,858280.5742,40461.60156,0.006420648470319,0.0948803298172358,-0.00381899305148071,-0.0344681916889142,-0.0138760351775508,0.00132917958271703,0.0367780126601683
0.0480571593371244,-0.0773717910877227,0.00410350762050093,0.00285306898240645,0.0240251795869897,0.0136333566281568,0.00615863222730439,0.054111798,0.049316627,102.1676215,0.0351,0.0337,870061.9467,40711.55859,-0.00678428820504802,-0.0345927598243116,0.00571298247895698,0.0366872151860701,0.0373134373801644,0.00596003014685444,0.00156052903662212
0.0136719450376628,0.00735385298080748,0.00605334104185573,0.0661398025045448,0.0147278067102437,-0.0040773196460453,0.0158629096261915,0.054856692,0.049680631,102.7879526,0.0375,0.0342,866521.6484,41362.51172,-0.00284066270729337,-0.0347594714894738,0.00414846082831854,0.0180922350671921,0.00625967924379759,-0.00218535823799016,0.0103835925387435
0.00359318873891956,-0.0264007377373572,-0.00219865027004129,0.0818871594721844,-0.104710954089031,0.00600068034109391,0.0326941207732734,0.055054157,0.048386188,102.5622061,0.0407,0.0308,871737,42737.17188,0.0213451861651394,-0.0299897053293828,-0.00269301229181695,-0.0034850302205673,-0.085875944291535,0.00197824141924579,0.0274783277329048
0.00240140143565659,0.072382639675725,0.00414246063039947,0.0194653347881033,-0.0602188599930549,0.00619290505981063,0.0249685719322255,0.055186523,0.052018376,102.9879472,0.0415,0.029,877152.3355,43817.69141,0.0165847167358624,0.0650266217651312,0.00550825579103882,0.0205075678489116,-0.0148930475616833,-0.00101901923455699,0.0182218167864715
-0.000174931193436478,-0.0696815727121591,-0.00291696678091391,0.0167267938053133,-0.00345423486808771,0.00661365227993471,0.040485882828504,0.05517687,0.048517059,102.6879725,0.0422,0.0289,882972.7419,45628.08984,-0.00608163297537636,-0.0343279017062829,-0.00453174597986788,-0.0087079621177853,0.0243463435548852,0.0103943950655251,0.035662789692182
0.0261466053431803,-0.0128517395127652,0.000627678837715528,0.0187798946515962,-0.0104348772925791,-0.000972422472283796,-0.0141797562548067,0.056638584,0.04789752,102.7524478,0.043,0.0286,882114.5367,44985.66016,0.00790806100807788,-0.042587470493247,0.00210826823315478,0.0134130635922728,0.023221350357663,0.00565513481962541,-0.0215824313702236
0.05231190225035,-0.0284638595939142,0.00894579577875732,-0.0306989868888063,0.030983545519967,0.00931681832938125,0.000930072088591416,0.059680322,0.046553392,103.675774,0.0417,0.0295,890371.4419,45027.51953,0.0460834309289998,-0.0382262628037474,0.00745576219227435,-0.00468277745164843,0.0464014262846506,0.000537465918479764,-0.00607171301477129
-0.00722288363803214,-0.00508955238522324,0.00246114245212947,-0.0218190473946396,-0.010221554071538,0.0361666467265902,-0.0187647212740032,0.059250811,0.046317058,103.9312491,0.0408,0.0292,923162.59,44190.46875,-0.000512189365543441,-0.0167388846388175,0.000219191736048747,-0.00377862857078228,-0.0195612207353048,0.0025010013385386,-0.0265758587396665
-0.0709408337237569,-0.110210123263296,0.00180641845421103,-0.284419426816965,0,0.100602804212855,-0.0239272898848331,0.055193138,0.041483684,104.1191621,0.0307,0.0292,1020867.645,43145.66016,-0.0508282977674391,-0.103354901696846,0.0025583738062047,-0.235053960849863,0.015725334103921,0.00222430268229316,-0.0301343305485521
-0.025251071145572,0.0530440715017662,0.00179507925079037,-0.0230652729309964,-0.00343053509678937,0.00704533944603014,-0.0522159086569456,0.053816901,0.043743554,104.3062321,0.03,0.0291,1028085.4,40950.57813,-0.0049107931057775,0.0178389394339475,0.00145754613322087,0.0339271533932356,-0.00529923057150976,0.00632598792150751,-0.056043231755421
0.0110705184332973,0.0161428719179115,0.00156109307000563,0.0456105112520522,0.010256500167189,-0.011265030342166,0.0761364805547196,0.054415992,0.044455431,104.469191,0.0314,0.0294,1016568.975,44190.17188,0.0225665956793927,0.0487035102295969,0.00156449835114107,0.00466780235386536,0.0217316263537134,0.0130736331781484,0.0729690227061901
-0.00901035308674425,-0.0382689451148885,0.00182175947078722,-0.0258078839558724,0.0594234204708011,0.0133371639510855,-0.0105873906694836,0.053927887,0.04278631,104.6596822,0.0306,0.0312,1030217.939,43724.78125,-0.0043183074253334,-0.0100511513397916,0.00163281857202341,-0.0549651505749218,0.0538646964170616,0.0094261598333406,-0.0195373752115936
0.0156675962665944,0.0195446958938597,0.0113299351422373,-0.060624621816435,-0.00966191091173707,0.0105254081718975,0.019423934103413,0.054779461,0.043630781,105.8522125,0.0288,0.0309,1041118.67,44582.39063,-0.00129891327633195,-0.00650669979946736,0.0110321878630845,-0.0279948757320722,-0.0288708371134722,-0.00193591759037364,0.0131001836556751
0.00634817986323322,0.0147943392882985,-0.00557323433271772,-0.0034782643763247,0,0.00177153900930804,0.00271555492653697,0.055128317,0.044281068,105.2639142,0.0287,0.0309,1042964.687,44703.62109,-0.0123184711298317,0.0154371727237797,-0.00792342259126174,0.0227728670148805,0.00659217965001561,-0.00234830598024685,-0.00438490894244924
-0.019828616092775,-0.00179515333430924,0.00322705941464196,-0.0463541093715509,0.00966191091173707,0.0130537821786749,0.00780058727137778,0.054045965,0.044201648,105.6041558,0.0274,0.0312,1056668.57,45053.69922,-0.0185650106496892,0.00379465035918237,0.00695927460391421,-0.0520256882320477,-0.0251017629613147,0.00358509675481134,7.66519352757512e-05
-0.0167214682767569,0.011524712417764,0.00792858515113881,-0.0563000446885322,0.00320000273067089,0.00353899432674787,-0.0066981838238096,0.053149751,0.044714006,106.4447754,0.0259,0.0313,1060414.739,44752.92969,0.00148548004671046,0.0164436262280021,0.00571822871886015,-0.0287173139622916,0.00729637296848577,-0.00621188960318611,-0.0140999534863461
-0.01174766017414,-0.0185224542617584,0.0017719806982992,-0.0273989741881144,0.0679273412849133,0.011533041938959,-0.0233063959668502,0.052529019,0.043893416,106.6335607,0.0252,0.0335,1072715.342,43721.96094,0.0101757185107206,-0.0203372017381511,0.0011912322745557,-0.0202553129424426,0.0682454483331764,0.0117440483210257,-0.0312999423183802
0.0123303905446339,-0.045855166780242,0.0117130166687467,-0.0160003413464413,-0.00598804184462276,0.00217489115269132,-0.0252327251371032,0.053180732,0.041926126,107.8899048,0.0248,0.0333,1075050.92,42632.53906,0.0139699639752543,-0.0601050270130355,0.0127713168649556,-0.00330506244842997,-0.0411147933436388,0.00804784492373031,-0.0304685224200081
0.0251658922748264,0.0565217120173021,-0.0116977992489895,-0.115266044647229,-0.0619392994402905,0.00300938495884573,0.0438318758884417,0.054536055,0.044364113,106.6351834,0.0221,0.0313,1078291.035,44542.76172,0.0108137729494139,0.0333536246354895,-0.0136384958819494,-0.114651437695112,-0.0492292710092764,-0.00258496821500596,0.0378752842790991
-0.0293716577014758,-0.0933496878434958,-0.00402009079324461,-0.0368705358083279,0.0283483550042547,0.0275476030761386,-0.0255628781871451,0.052957536,0.040410158,106.2073608,0.0213,0.0322,1108408.293,43418.55078,-0.0348672313161437,-0.0641124032045525,0.00185664677603545,-0.00540033143158668,0.0287472367715697,-0.0057960550789801,-0.0312737457103735
-0.0488419060195104,0.0618517747265601,0.00260374675539499,0.203228241613268,0.0215062052209638,0.0732996483584127,-0.0102100641747249,0.050433139,0.042988514,106.4842582,0.0261,0.0329,1192705.987,42977.5,-0.0176880290931472,0.0137655729602547,0.000860342121633944,0.0608086832554445,0.0155634813233801,-0.0243687730882619,-0.0149905757682686
-0.0164510333974044,-0.0333507430765585,0.00587539018719951,0.0949618084369277,0.00303490369515425,0.0122230276907676,0.01508590168112,0.049610249,0.041578459,107.1117363,0.0287,0.033,1207373.926,43630.76953,0.0110788702489777,-0.00366566312416811,0.00476906834899623,0.0539733253604683,0.0127596704536131,0.0175232731327229,0.0114861647295177
0.00784475979410182,0.0275111004196154,0.00417309304333102,-0.0988005847440934,0.0673754024727704,-0.0129844849970038,0.00192705964451712,0.05000096,0.042738208,107.5596575,0.026,0.0353,1191798.138,43714.92969,0.0200123505556642,0.0236098450086508,0.00230923187526713,-0.106008232109217,0.0498065326455061,0.0126827943020693,-0.00800655188688962
-0.00702576859120985,-0.03006536823001,-0.00224513155119865,-0.023347363996991,0.102239503052069,0.0158820295044855,0.0483631066361259,0.049650896,0.041472392,107.3184428,0.0254,0.0391,1210877.419,45881.07813,-0.0227945688093622,-0.0219089844950542,-0.00266792265707735,-0.023983547184279,0.071833414477437,0.00440306185927531,0.0427214406413991
0.0347735725297498,-0.0782877667258211,-0.00181787784143683,0.023347363996991,-0.0206725708047197,-0.0123605098948012,-0.00210129809292603,0.051407805,0.03834945,107.1235282,0.026,0.0383,1196002.477,45784.76953,0.00402529218688364,-0.0928091469800663,-0.00108710095589985,0.00339192829286668,-0.0741438238169425,-0.011892835418318,-0.00966812613844345
0.00944552126143705,0.040149765245328,0.00617634579606552,-0.023347363996991,0.0283159201172878,0.0128793411046626,-0.0071307901574631,0.051895679,0.039920499,107.7872076,0.0254,0.0394,1211505.823,45459.44922,-0.00684898180397854,0.00852859835783089,0.00553399257463656,-0.0156413445516555,0.0162791680886656,0.0141173458521781,-0.0133877413763397
-0.0330381498556749,-0.0176062714429608,0.00367610508656036,0.0423955589676854,0.0495150645273803,0.0150941326372216,0.0110919126955533,0.050209155,0.039223799,108.1841739,0.0265,0.0414,1229931.16,45966.48828,-0.017640278108941,0.0109121001221784,0.00125255692252988,0.0195871758943082,-0.00486636465705829,0.00814515174631719,0.00463710757657589
0.0237007580788466,-0.0323449665860855,0.0003466320306309,0.0297419691987377,0.0586334392498573,0.0104278459068805,0.0149890506348136,0.051413364,0.037975405,108.2216805,0.0273,0.0439,1242823.797,46660.67188,0.0479894792401569,-0.0279500378637809,4.22571733755371e-05,-0.0032756084056547,0.0507207906331599,0.00167719938263453,0.00903929569077552
-0.0114041083955341,-0.00961739944384243,0.000425408345512857,0.08426034361774,-0.00685716972613726,0.0049290099616055,0.0186975681836792,0.050830371,0.037611931,108.2677287,0.0297,0.0436,1248964.81,47541.32031,-0.0188759795221081,-0.0273490125046397,0.000270927052283597,0.0676051510236488,-0.0445221325039183,-0.00277441697236518,0.0134869021277455
0.0099629195289701,0.0214698608416346,0.00684642288278514,0.0298529631496809,0.0271509890659507,0.000395393332274452,-0.00623545654951663,0.051339321,0.038428185,109.0115186,0.0306,0.0448,1249458.74,47245.80078,-0.00807081562282814,0.0123415239988791,0.00630036928238403,0.0036809678343602,0.0042419207437925,-0.004360857247189,-0.0114001168217526
0.023426256627316,-0.0703599903099206,0.00305417589873969,0.0785332734246822,0.0793556585224984,0.00482718085391731,0.0160305739819613,0.052556207,0.035817306,109.3449679,0.0331,0.0485,1255504.684,48009.28125,0.0111450188269888,-0.0517609883341369,0.00103604663297884,0.0068880275750856,0.0333590988676021,-0.0020234232879711,0.00785044485652624
-0.0217023602289688,-0.00242763813622693,0.00312984747928269,0.0149927845861413,0.120299911484498,0.0275094339262854,-0.057735042527721,0.051427901,0.03573046,109.6877371,0.0336,0.0547,1290522.357,45315.96094,-0.00580089255821785,-0.0381997738700004,0.00343664641343641,-0.0115064747101732,0.0878856677829633,-0.00607197715674047,-0.062825548150522
-0.0430962249029525,0.014242685326264,0.0058246857219153,0.339867825622351,0.0705760174061152,0.0653241421767721,0.00718872048694408,0.049258632,0.036242999,110.328498,0.0472,0.0587,1377639.058,45642.89844,-0.00366235433362046,0.0177562421102944,0.00529226924291178,0.37943450217992,-0.00414469663705232,-0.02342676749153,0.00207912883831012
0.00164001143676362,-0.0265453239060367,0.000728855095886161,0.0292296383149382,0.0627268299083052,0.0143564334866575,0.0293220950973048,0.049339483,0.035293574,110.4089408,0.0486,0.0625,1397559.694,47001.05859,0.00783224774831231,-0.0115534737634489,0.000104408303038367,-0.041279713564281,-0.000825579968141074,0.00859266970046718,0.022373257448117
0.0317155112335454,-0.0215549546600839,-0.00523657284500967,0.0960581229955131,0.0190180058357621,-0.0106046307246928,-0.00307421589636014,0.050929389,0.034540963,109.8322875,0.0535,0.0637,1382817.396,46856.78906,0.0171283525218118,-0.0281145040868717,-0.00413453271272761,0.0538206481984252,-0.047480098739838,0.00802225072114831,-0.00961096509639109
0.0198372039834322,0.0256939593699794,0.00415991212254063,0.0842037008354311,0.0293911333719254,-0.00770996037046601,0.0353244004257292,0.051949773,0.035439957,110.2901318,0.0582,0.0656,1372196.923,48541.55859,0.00136079014766742,0.0133074954789072,0.00544898865841178,0.0337843752401149,0.010059024577308,-0.0165164277704043,0.0269112706018525
-0.0276937820546204,-0.0138293163653023,0.000884995738826611,0.0567765158020821,0.0151288815963002,0.00864787783434018,0.0147190447838152,0.050530826,0.03495322,110.3877813,0.0616,0.0666,1384114.973,49261.32813,-0.0469135544576523,-0.00900874205553453,-0.0013030390184295,0.0442195549419317,-0.0409941680337949,0.00457289904700049,0.00832830204403573
0.0465385693936833,0.0142233983252584,-0.00387605354607334,0.0240588990076933,0.0237399873030726,-0.00538914863303752,-0.00964592550934285,0.052938038,0.035453926,109.9607405,0.0631,0.0682,1376675.835,48788.44141,0.0608173230581496,0.0113877595655827,-0.00350371830251493,0.00178525650819571,0.00574953756038414,-0.00827181185982237,-0.0156162854323657
0.0102692708880761,-0.0784179530970648,0.00701533929071285,0.0203928635631403,0.0331681449688066,-0.000487070562416037,0.0216752729235168,0.053484474,0.032779917,110.7348646,0.0644,0.0705,1376005.46,49857.48828,0.00748552414511678,-0.073127198927208,0.00714265273468577,0.028917508497517,-0.00233589432553476,-0.0122110154844715,0.0150854434402757
0.00902546105327406,-0.00860222921338094,-0.00700508295548552,0.0335909444360358,0.00424629088145112,-0.00475391284922466,0.0228896707337398,0.053969381,0.032499146,109.9618683,0.0666,0.0708,1369479.574,51011.87109,-0.00235831084840518,-0.0460451639785132,-0.0101287572483669,0.0264659026735416,-0.0182376224330672,-0.00743543871080078,0.0158102803460773
0.0115718679816159,0.0247009985166553,0.00935818543865707,-0.0476646716476976,0.004228336109521,-0.00635854918580669,0.00388583566864042,0.054597535,0.033311904,110.9957419,0.0635,0.0711,1360799.297,51210.48047,-0.000594318206287376,0.0238252293718954,0.011585341752614,-0.0150322726901423,-0.0227876889000912,-0.0107917771579899,-0.00337917412955836
0.0131254170755861,0.00242945023817454,-0.0110878987113923,0.00314465667947195,-0.00281690327111317,-0.00474515235981166,-0.0170238719154607,0.055318874,0.033392932,109.7718302,0.0637,0.0709,1354357.393,50346.05859,0.00602463713018179,0.0269270314470242,-0.0161449500202758,0.0223874415366115,-0.0246348276001995,0.000479120171325136,-0.0229180959686009
0.0392130310885532,0.0307146789180477,0.0120203104763892,0.0400053346136988,0,0.00511288328242543,-0.0347716085333829,0.057531187,0.034434499,111.0992839,0.0663,0.0709,1361299.797,48625.53125,0.0394194686862805,0.0284790018971513,0.0158255546326129,0.0381209911052422,-0.000302629802867888,0.00424820608167962,-0.0415204891686755
-0.0411140258891041,0.013000835542869,0.00618162248181076,0.0208962827264125,0.0056258938821685,0.0235640877755845,-0.0320362188024941,0.055213813,0.034885099,111.7881848,0.0677,0.0713,1393758.513,47092.44141,-0.037801647303149,0.0162729318630241,-0.000903608024003891,0.00363104450296679,0.00965428348618904,-0.00347218193338513,-0.0351099227699228
-0.0368811519568797,-0.041225365292604,0.0113053223238335,-0.198703159165841,0.0249320393354826,0.0680562683974184,0.0469148557707388,0.053214558,0.033476189,113.0591571,0.0555,0.0731,1491914.706,49354.42188,-0.0111150204888429,-0.0399414033052346,0.0120201936604168,0.0294920712734993,0.0153869193769293,-0.00756191656057616,0.0407099991765053
-0.00548653379680486,-0.0197206721019092,-0.0110799428649848,-0.0385722747862394,0.00681665897909767,0.00971431476950713,0.0220777115909279,0.052923394,0.032822483,111.8133824,0.0534,0.0736,1506478.258,50456.17188,-0.000830071703334383,-0.0443616276678368,-0.0138733633385865,-0.00274623269374987,-0.0124319880195467,0.000633237558869976,0.0140659647302872
0.0147542721209906,0.000701011357165715,0.0033860792667797,-0.0578195708888263,0.0268112574506567,-0.0133516320347198,-0.0616829627494315,0.053710029,0.0328455,112.1926331,0.0504,0.0756,1486497.996,47437.92969,0.0198839882289956,-0.00919058475879045,0.00844234604831464,-0.0317712124871487,0.0092942478050111,-0.000219208934490051,-0.067903945568776
-0.0130154956772377,-0.00361823511339265,0.00799089316181778,-0.102278849120419,0.0118344576470029,0.00447394131891876,-0.0280702289944088,0.053015496,0.032726872,113.092744,0.0455,0.0765,1493163.4,46124.85156,-0.0103097377921533,0.00706767982811329,0.00418742120825964,-0.0621591384829549,-0.013373450310467,-0.00111277145279687,-0.0352818832203788
-0.000285919550797153,0.0429147665738454,-0.00379351940494033,-0.00883007944827208,-0.00130804466001555,-0.000158211543775266,0.0472830962137305,0.05300034,0.03416191,112.6645372,0.0451,0.0764,1492927.183,48358.16016,-0.0177977826626727,0.0459567566684014,-0.00460825168493118,0.0431426314813917,-0.0166645056334631,0.000484900966413828,0.0407266383719084
0.0135546878000166,-0.0517218566417359,0.00448559483840327,0.0305700660846782,0.0130040844232067,0.00382639682967501,-0.0794996200372484,0.053723634,0.032439909,113.1710398,0.0465,0.0774,1498650.658,44662.55078,0.00630808486814826,-0.0321017683428064,0.00605092011405681,0.0267726511066358,0.00104465318102799,0.00241618954785738,-0.0856695732060766
-0.00472200007828505,0.0350908680474959,-0.00293838501273935,0.0338298645184048,0.0179262162681519,0.0104045343308368,0.0650242349888739,0.053470549,0.033598462,112.8389878,0.0481,0.0788,1514324.82,47663.19922,0.00162100190494606,2.45660548989918e-05,-0.00523751500472456,0.0437069670447177,0.00528865036533423,0.00248025734779927,0.0586332335951376
0.00324739056841583,-0.0192572219179792,0.00317428591864655,0.0185381209989113,0.00253485560318811,0.0118415353481662,0.0418053313590452,0.053644471,0.032957639,113.1977401,0.049,0.079,1532363.342,49698.01172,0.00890870066380493,-0.0117789650970888,0.00452974749124515,0.0268032036530178,-0.0114290315385225,0.00998481842440571,0.0339229503462808
-0.00761281707968386,-0.00784432257275824,0.00282943509579869,0.024194728587057,-0.00126662461519267,-0.00456759915722493,-0.00302949463782376,0.053237636,0.03270012,113.5184793,0.0502,0.0789,1525380.081,49547.67969,-0.000965486029784881,-0.0102658228019558,0.000475896689024274,0.0118056375357367,-0.0147739995746685,-0.00809299950265335,-0.00978027398373259
0.00629886456551088,0.0187103098104906,0.00102911233449987,-0.024194728587057,0.00379507096855169,-0.00903843411655636,-0.000878722351169259,0.053574031,0.033317709,113.6353627,0.049,0.0792,1511655.153,49504.16016,-0.00209667497953479,0.0180519226443505,0.000567861147361603,-0.0168772217209212,-0.00845194633674635,-0.00993099134363184,-0.00620069987696787
0.0129592605624751,-0.0393568074007993,-0.00375196617675044,-0.0374264055191169,-0.00379507096855169,-0.00270220958076273,-0.119173592974221,0.054272829,0.032031899,113.2098055,0.0472,0.0789,1507575.858,43942.55078,-0.00216368583981063,-0.0262915354918074,-0.00441440945729132,-0.00495313775407685,-0.00816920481267249,-0.00492733934259484,-0.123688150116042
-0.0312162305732535,0.0405144100375168,-0.00111903430807647,0.0230376680670172,0.0421898798311955,0.027474426896422,-0.0515961756287986,0.052604806,0.0333563,113.0831907,0.0483,0.0823,1549569.88,41732.78125,-0.0210782990979102,0.0257119304564442,-0.000826225655632183,0.0337724849716713,0.0432022453663071,0.00395522743896304,-0.055062557370137
-0.030632873351085,0.065033779034926,-0.00490632199512131,-0.100083458556982,0.00726395445822536,0.0534221827943124,-0.00221922448806922,0.051017801,0.035597679,112.529727,0.0437,0.0829,1634602.374,41640.26953,0.00837741754603823,0.0788119333650646,-0.00655400654304392,-0.0916305199779166,-0.0163560694059026,-0.0105447853873426,-0.0100935707113496
-0.00878174811007604,-0.0302557986591752,0.00697541262878154,-0.103582285797656,-0.00726395445822536,-0.00590232333136598,0.0548478209051808,0.050571737,0.034536773,113.3174123,0.0394,0.0823,1624982.839,43987.94141,0.0015272925170177,-0.00643950950973477,0.00652376589972237,-0.0721407108421293,-0.01158056321802,-0.0165820035316143,0.0476898795119363
0.0485706150437926,-0.0150703509648227,-0.00233970149979967,0.0151136378100483,-0.0134558605153918,-0.0226299911292021,-0.0268213141024347,0.053088667,0.034020194,113.0525933,0.04,0.0812,1588622.461,42823.80859,0.0405864504434577,-0.0395188661362189,-0.00686102394067177,0.0170251188897816,-0.0271755146965416,-0.00522950383607289,-0.0306039596417045
0.00116721375290307,0.063630405400704,-0.00656699035330277,0.0975803283388639,-0.00370142310318622,-0.012199553919471,0.0106260144519155,0.053150669,0.036255268,112.3126104,0.0441,0.0809,1569359.713,43281.28125,-0.0243255744000225,0.048517924646503,-0.00623644899071027,0.0486727824953979,0.000594270999827496,-0.0114500661914953,0.00603360775616026
0.0107117334013624,-0.0249662123291245,0.00162381008257384,-0.0299216798650495,-0.00371517455186332,0.00558617318539945,0.0299535366424397,0.053723065,0.035361317,112.4951329,0.0428,0.0806,1578150.96,44597.32031,-0.0057362989421752,0.0108775230831561,0.000250885173447709,-0.0297669968510198,-0.00462497655017502,0.0137197445636151,0.0214399002612688
-0.00669809967252988,0.0055557672526545,-0.00115860457451067,-0.0802374306806746,0.0196566525495516,-0.00712141619034945,-0.0423242246758733,0.053364425,0.035558323,112.364871,0.0395,0.0822,1566952.213,42749.16016,-0.01012805168642,-0.00860032305091306,-0.00486721915086043,-0.0469670388874972,0.0232459104546385,-0.00760455061166525,-0.04500322002182
-0.0181464978325936,-0.00346016373864089,0.00156277681963157,-0.0439915692815345,0.00485437846479808,0.00373475216185959,0.00959174220423265,0.052404781,0.035435498,112.5406095,0.0378,0.0826,1572815.333,43161.17188,0.00504150733791867,-0.00718652283400403,-0.000283488820307445,0.00178693852165552,-0.0064143257161278,-0.00404005323787893,0.000745973155203193
-0.00800498666243188,-0.00414856627349103,0.000798328960093464,-0.179151982032675,-0.0121804185568712,-0.00414651572056002,-0.0547140853170749,0.051986956,0.035288796,112.6304898,0.0316,0.0816,1566307.132,40863.08984,-0.0025921661536502,-0.00711268570745397,-0.00261982559580767,-0.155291705105042,-0.0156722870591659,-0.007843977268029,-0.0629143212816178
-0.0134808377018043,-0.0126540281972778,0.00296060241409268,-0.0519597389307114,-0.0210534091978323,-0.000477112202563745,0.0421550761604124,0.051290831,0.034845064,112.964438,0.03,0.0799,1565560.006,42622.5,-0.0165065374855463,-0.0142826061411131,0.00064024345399694,0.0070940442916024,-0.0260195017028124,0.00429908762991395,0.0367077153368405
0.010509047332818,0.00978009636586208,0.0039028806171677,0.00664454271866877,-0.036970430918545,-0.0025888466434143,0.0090798805918233,0.051832691,0.035187524,113.4061862,0.0302,0.077,1561512.253,43011.26953,0.00122950766849775,0.00779403173974495,0.000788505430956993,-0.00361663426495949,-0.0285320377886355,0.00617237529598216,0.0025385217289282
0.0166883663857695,0.0272770746618827,-0.00504859351428344,-0.0166948785721699,-0.0157071292053579,-0.00251703776839207,0.00755109995775172,0.052704952,0.036160547,112.8350873,0.0297,0.0758,1557586.81,43337.28125,0.00609080819553558,0.0304289817458863,-0.00754240281846193,-0.021732798766372,0.0048981507540948,-0.00451796784906848,0.00693382268109312
-0.0451835684014368,-0.024074763898291,-0.0048524567442616,-0.0482852411594621,-0.0146182005095543,0.0206399605968084,-0.0120037838505436,0.050376553,0.035300386,112.2888862,0.0283,0.0747,1590069.407,42820.17969,-0.0253101915546413,-0.0086978035830889,-0.0050854944498596,-0.0220347334612535,0.00463941748676424,-0.0052032938794183,-0.0158559977055974
-0.0315237693697976,-0.137480204227672,-0.0028368980559712,0.135296618149092,-0.0216517253830388,0.0648231803760488,0.0166939919153375,0.048813264,0.030766108,111.9707855,0.0324,0.0731,1696556.906,43541.01953,0.00620268024372882,-0.142786650096208,-0.00509861872331452,0.092291785361299,-0.00561851353015003,0.00462165820746095,0.0107359125736469
0.00076046711026212,0.16907935067927,0.0121326059045685,0.132759489845941,-0.0193376191501584,0.00657187144964944,0.0129446966368505,0.048850399,0.036433659,113.3375574,0.037,0.0717,1707743.177,44108.30859,0.003538543167005,0.107336479564929,0.0093704880193475,0.0439962666213562,-0.00801882036657164,0.00281869528240913,0.00402491463489533
0.0143036463561526,-0.00193623844336477,-0.014442506535592,-0.129677823308533,-0.0340458414097169,-0.0183337645104533,-0.0651972555758284,0.049554159,0.036363183,111.7124426,0.0325,0.0693,1676719.079,41324.30859,0.00114413625909876,0.080947832486428,-0.0206393047067645,-0.145878221242176,-0.0234513758496044,-0.00249103033999048,-0.070192123116382
0.0386411410991565,-0.0974660290774163,-0.019096135359983,-0.413187154202074,-0.0145351396191131,0.0120000093879877,-0.178912220411926,0.051506465,0.032986249,109.5994063,0.0215,0.0683,1696960.932,34554.53125,0.0334358729597882,-0.0855334510925005,-0.0159444532664332,-0.336294046876116,0.0113863785910254,0.0207073391401453,-0.18493246859405
0.0842454976708922,0.366531898491361,-0.193795086328325,0.278336210033543,-0.114676591860893,0.0499026394293285,0.0539543118727828,0.056033674,0.047590001,90.29091725,0.0284,0.0609,1783792.3,36470.10938,0.0676197846999302,0.305867633067065,-0.196228302518872,0.370747345575821,-0.101588513006488,0.040437064225882,0.0481782135082987
0.0280189235541357,-0.10435653476723,-0.0288752767199014,0.159168251819238,-0.1221026968009,0.0219983276594693,-0.00957068389429594,0.057625879,0.042874024,87.72102378,0.0333,0.0539,1823467.542,36122.73047,-0.0153382847258927,0.0486648317092112,0.00494135347527849,0.013032663628997,-0.0462463887548393,0.0201018387780242,-0.0142556774954966
-0.0754133298107056,0.241340104160947,0.0930686096839901,0.0835017218453271,-0.0631789016215318,0.0179316804242866,0.0431734802169323,0.053439941,0.054576656,96.27707229,0.0362,0.0506,1856460.303,37716.42969,-0.0874599695338419,0.178171748565138,0.0426463643840782,0.0720004395378965,-0.00178680187585657,0.00397938238151439,0.0366371293716717
-0.125631646415315,-0.0829477406594057,0.0549467327290234,0.112242855280768,-0.0716785752710476,0.0234802690179929,-0.0186461455582947,0.047130803,0.050232313,101.7152189,0.0405,0.0471,1900566.274,37019.67969,-0.0970887005067238,-0.0214846244189811,0.0122266684361703,-0.00389055997849739,0.00064783086083206,0.0148172493118842,-0.0226470755544736
-0.168694656795424,-0.0241356169088975,0.0205290204537274,-0.0099256397999703,-0.0478352062741632,0.00696379211378684,-0.00484561539141382,0.039814538,0.049034439,103.8249136,0.0401,0.0449,1913847.613,36840.73047,-0.0936643591209145,-0.0834726164785186,0.00357354027278939,-0.0330366646097615,0.0220227864701378,0.00112219131028702,-0.0128360417499391
-0.0189154271013141,-0.0235326523605242,0.0268886854611203,0.0197537287362328,-0.0179780122954085,-0.00199103152275271,0.0166347240441507,0.039068507,0.047894,106.6545005,0.0409,0.0441,1910040.873,37458.69141,0.0591144112994961,-0.0517055082985533,0.0184563045962836,0.0288357699822267,0.0190807574100418,-0.00554556284086515,0.0101152299138752
0.222367387408477,-0.0449687990686174,0.0113030135953549,-0.205572666062358,-0.0322608622182217,-0.00288136725891341,-0.0126490294759591,0.048797744,0.045787972,107.8668565,0.0333,0.0427,1904545.265,36987.85938,0.213433168856484,-0.0414629756029053,0.00243133940860487,-0.228205178002128,0.0095261749909672,-0.00737149940177611,-0.0193272702818979
0.254699552586804,-0.013440456315359,0.00663390798547958,-0.0555698511548108,0.0046729056993926,0.0342591095411766,0.121801001484084,0.062952699,0.045176678,108.5848141,0.0315,0.0429,1970923.833,41778.87109,0.148609101725486,-0.0190050326623684,0.00636794493053551,-0.00406999045271107,0.0452070378982838,0.00811352431241078,0.116339907919343
0.0947806970516574,-0.114916571066987,-0.000733763049556302,0.116724274308142,0.00232828975959087,0.0428097972544315,0.0533177197337,0.069211313,0.040272321,108.5051678,0.0354,0.043,2057130.768,44066.87891,-0.0353915495586862,-0.12606698937615,-0.0017734010195326,0.170181597476287,0.0133294214238698,-0.0216375311906932,0.0451430591985925
0.0785289986223718,0.115337828047595,-0.00410444427681345,0.06029223025612,-0.0187798946515962,0.0186223901497584,-0.0248402440679634,0.074865512,0.045195713,108.0607271,0.0376,0.0422,2095798.384,42985.73047,0.0360389936379768,0.0854032344436634,-0.00249380539676511,0.0527166398051609,0.00310646618230552,0.0145209866556739,-0.0321375571504259
-0.0618509527958495,-0.00354346455441945,-0.0113593121392617,0.216740114279002,-0.0239819646864854,-0.00268302415331334,0.0367066702828822,0.070375302,0.045035847,106.840177,0.0467,0.0412,2090182.843,44592.91016,-0.0412337748711566,0.0667519933734656,-0.0107597020657775,0.1199508849451,-0.0117321584839493,0.0181148452060923,0.0338846637694049
-0.149070898587228,-0.0155698995441993,0.0290381759307756,0.26384562429727,-0.017136282242987,0.0149275634056139,0.0577986524054772,0.060628888,0.044340074,109.9881047,0.0608,0.0405,2121618.223,47246.26172,-0.0780279228535496,-0.0206566867410586,0.0304291352322944,-0.00437313160754989,0.00665229337946418,0.0053818245797917,0.0596976352528634
-0.0852362247135976,0.0712592795639972,-0.00322137358004859,-0.0317486983145803,0.0195605258544935,0.0117451598047786,0.0160299305983429,0.055675225,0.047615015,109.634362,0.0589,0.0413,2146683.88,48009.71875,-0.047216154129348,0.084478327967177,-0.0131066513536297,0.133723866598843,0.0271631156806619,-0.0115379538211674,0.006656592212606
-0.100187838124635,-0.149912557202673,-0.00137317729683417,-0.00169923575295972,0.00723766730023057,-0.00131662694038859,0.0581833743190678,0.050367565,0.040986207,109.4839179,0.0588,0.0416,2143859.358,50885.94922,-0.113947277258091,-0.119991853371715,0.00538846399060461,0.0341613547869687,0.00375276218110271,-0.0146914459576322,0.052341762171146
-0.105156933130738,-0.0268631312308174,-0.00478438363724276,-0.0119761910467155,-0.00966191091173707,0.00294669761488642,-0.0117855596859204,0.045340038,0.039899846,108.9613559,0.0581,0.0412,2150185.98,50289.75,-0.0729921501440764,-0.0741737057128412,-0.00646817562907837,0.0240169078766105,-0.00174101138991626,-0.00966161092812879,-0.0205729312683486
-0.110719209390489,0.0264476368829674,-0.000688834533550953,-0.0386012836968121,0.112374693647122,0.00873434960524655,0.0114390600204466,0.040587952,0.040969181,108.8863254,0.0559,0.0461,2169048.713,50868.32031,-0.0411223866369346,0.0186225788368006,0.0011119557019445,-0.0349635201694607,0.114728387946927,-0.00330279453606815,0.00630015702346518
-0.0554700397458636,-0.0236555376558116,-0.014235732192728,0.0707801820610472,0.0486868637199831,0.00233374412488274,0.0467848865072895,0.038397841,0.040011406,107.3472299,0.06,0.0484,2174116.629,53304.73828,0.0202293997892635,0.00171081999231991,-0.016006232433744,0.0604774518680919,0.000207139722121358,0.00419866695177602,0.0407315537380084
-0.0479228574894779,-0.0225088627103998,0.00357085128213441,0.0392207131532811,0.00823049913651541,0.00924966746195111,-0.0366682058202059,0.036601103,0.039120855,107.7312361,0.0624,0.0488,2194319.777,51385.55078,-0.0436996938207899,-0.0293361920911019,0.0057630661775095,0.0324494088892837,0.000409319634059838,0.0164091469073799,-0.0440846531391002
-0.0168707365574687,-0.0234720782004589,0.00247711075228008,0.166437523819909,0.0787808778531143,0.00553694928313675,-0.00147447618164165,0.035988795,0.0382133,107.9984291,0.0737,0.0528,2206503.313,51309.83984,-0.0463807711184868,-0.0410552338295293,-0.00353538411645919,0.0227675658865203,0.0358685774806031,0.00897805346651423,-0.0066599795162464
-0.0872976813126907,0.000754766343997293,0.00807530710546445,-0.00135777346046018,0.0335226920386438,0.0243214195603745,-0.0319033904379626,0.032980285,0.038242153,108.8740804,0.0736,0.0546,2260826.537,49698.71875,-0.0671267165912283,-0.0103329863879277,0.00637947095382749,-0.0527658244443093,-0.00319170097981211,-0.00760676736797403,-0.0438106824496684
-0.00473257743357669,-0.0200177308929965,0.00826226586117418,-0.0401994528323035,0.0324352757531536,0.0518730143489119,0.069439997648141,0.032824572,0.037484243,109.7773534,0.0707,0.0564,2381197.435,53272.44141,0.0755666273314101,-0.0274497670688992,0.00402155959896838,0.0787835276563558,0.0205382255574765,-0.000656522087844952,0.0611384839182283
-0.267732769214293,-0.051923423530599,0.000739758726495232,0.0292703823001133,0.0635406830371488,0.0225789101907878,-0.0371271843973169,0.025114481,0.035587599,109.8585922,0.0728,0.0601,2435573.848,51330.85156,-0.231768320322151,-0.0459639406892113,-0.00110578204429434,0.0689769124362558,0.0146137373406217,0.0152778728959849,-0.0427827698606165
0.0523367769193546,0.0707117024452115,-0.000429011581151606,0.0230831701828733,0.0343451582039718,0.0015524536365259,0.0395301911684864,0.026463896,0.038195165,109.8114717,0.0745,0.0622,2439357.9,53400.60938,0.120452845528466,0.0583144322467164,-0.000387828092270373,0.0851144968258055,-0.00711334994540386,0.0131399354237665,0.0319967206808855
0.0102352680887394,-0.110983827455869,0.00715096616237254,0.0304055147681126,0.06834957780121,0.0221193762651897,0.0570674680560721,0.026736152,0.034182886,110.5995442,0.0768,0.0666,2493916.148,56536.67969,-0.0236289037830533,-0.0765175472791798,0.00645718800212235,0.0241258264444451,0.0389988193898954,0.0145190817149862,0.0477977249374986
0.0104215466277897,-0.0917265257092348,0.00849493041420768,-0.00391389932113606,0.0737861700592308,0.00592330073527592,-0.0949019276217502,0.027016241,0.031186914,111.5430816,0.0765,0.0717,2508732.2,51417.96875,-0.0304159866396837,-0.12779187733547,0.00609730925793998,0.0695483798828739,0.0164920790444941,-0.0216270488046891,-0.102363184840771
0.0536014884318416,0.0746886606995072,0.000227752420689953,0.0434851119397388,0.042327137374857,-0.0167500563454972,0.00648564604690804,0.028503865,0.033605416,111.5684887,0.0799,0.0748,2467060.768,51752.53125,0.0427728286847808,0.023651120173645,-0.000749449664834737,0.0679475580660327,-0.00541868855268418,-0.0228195984317662,-0.00146442727584076
-0.112980668163936,-0.0109808086907051,-0.00275048118802701,0.0198271674745882,0.068457969093882,-0.00251471107257828,-0.0852290449542217,0.025458738,0.03323842,111.2620433,0.0815,0.0801,2460864.617,47524.44922,-0.0948392956152577,0.0339983796199624,-0.0014144959473811,0.0202415497565834,0.0179382526441341,-0.00603799686825053,-0.0908682824257421
0.00799938587407167,-0.0364195800646105,0.00664377528601179,0.0653050984077663,0.0628986004233201,0.00683809384878487,0.0129590364208134,0.025663209,0.032049669,112.0037043,0.087,0.0853,2477749.906,48144.32813,0.0666817442770451,-0.0265872753142784,0.00720076191547471,0.0422912684654841,0.0182020403911619,0.0036757242741564,0.00710829655426396
0.0127458547194439,0.0135904293683993,0.00262033072557344,0,0.0390854348179004,0.000916777930013879,-0.0693375977706214,0.025992402,0.032488211,112.2975759,0.087,0.0887,2480022.494,44919.21875,0.0256111593288859,-0.00990727614461869,0.000554890478741073,0.0176657900979608,-0.00876777843712606,0.00174271944322864,-0.0778323518151983
-0.00885873883947674,-0.0402809369105088,0.00781415929291374,-0.0339015516756813,0.061221300323878,0.0018735264404377,-0.0065311447896601,0.025763159,0.031205562,113.1785245,0.0841,0.0943,2484673.237,44626.80078,-0.0491275886894014,-0.0399589136808335,0.00852316267721296,-0.0083048642471973,0.0101309576783799,0.000683084932798593,-0.0102395341931198
0.036428386595992,0.0177146204133312,1.84962708180691e-05,-0.0752977402893102,0.0456037568000238,-0.00251808836209833,0.112133219442976,0.026718973,0.031763282,113.1806179,0.078,0.0987,2478424.481,49922.30078,-0.00892804890970194,0.000384717979971829,-0.00149535934578687,-0.0529241753904744,-0.00683981235033834,-0.00227631561934575,0.106092149339346
-0.0391850282866626,-0.0662263153160354,-0.00419748338849146,0.00256082086167364,0.0299423566150785,0.0234040543581315,0.0346970709627019,0.025692237,0.02972786,112.7065398,0.0782,0.1017,2537113.767,51684.85938,-0.0359208622303558,-0.0552321558534801,-0.00217967476826637,-0.00943657603398002,-0.0121100138239142,-0.00104142642259329,0.028921388964995
0.0168740318805001,-0.00489870825159544,0.00453828314128923,0.0114432272223426,0.0347861160854155,0.0386482910918318,-0.064346530559229,0.026129447,0.029582588,113.2191964,0.0791,0.1053,2637088.358,48463.85938,0.0694500078454262,-0.0321971016994749,0.00545686054259848,0.052621024474593,-0.0079799867038732,-0.0151943383433049,-0.0741505893883868
0.0456094438075465,-0.0249862853593323,0.00591917003271991,-0.0373514120810077,0.0326979152819122,0.0193717447620347,0.118560911576996,0.027348792,0.028852587,113.8913474,0.0762,0.1088,2688671.374,54564.26953,0.0246032728105567,-0.0276153539160875,0.00419396255244626,0.00333563585640243,-0.00510075949303036,0.00280752782526994,0.114834917571357
0.0107913298219495,-0.0401655502503631,0.000708588517009723,-0.106527717424421,0.0369911367337745,-0.0109890683278291,-0.0336627341557278,0.02764552,0.027716672,113.9720781,0.0685,0.1129,2659287.129,52758.05859,-0.0349679435225518,-0.0352891505766473,0.000234869622749504,-0.0429158584623042,0.000993750320540839,-0.002742375159921,-0.0428962258727605
0.0152384846040143,-0.00219429946051575,-0.00331799575633074,-0.0916671885258236,0.0262252791900894,0.00504518121119268,0.0214881564974174,0.028070022,0.02765592,113.5945459,0.0625,0.1159,2672737.616,53904,0.000337249988582248,-0.0221609080037268,-0.0025446573986718,-0.0483052224815193,-0.00780186259715265,-0.0143232127956823,0.0129880553160838
